"Say it: admitting you need a moment to think","let me think about that for a second"
"Say it: you didn't catch what they said","sorry, could you say that again?"
"Say it: you don't know the exact word","I don't know the word for it, but it's like..."
"Say it: rephrasing yourself after confusion","what I mean is..."
"Say it: rephrasing, second attempt","let me put it another way"
"Say it: the answer depends on circumstances","it depends on the situation"
"Say it: agreeing partially before disagreeing","that's a fair point, but..."
"Say it: you were interrupted and want to continue","as I was saying..."
"Say it: you almost said something","I was going to say the same thing"
"Say it: checking they understood you","does that make sense?"
"Say it: confirming you understood them","so what you're saying is..."
"Say it: giving your opinion, softened","the way I see it..."
"Say it: buying time at the start of an answer","that's a good question"
"Say it: correcting yourself mid-sentence","or rather..."
"Say it: something is obvious to you","as far as I know..."
"Say it: expressing you're not sure","I'm not entirely sure, but..."
"Say it: bringing conversation back on topic","anyway, going back to what we were discussing..."
"Say it: ending your turn, inviting theirs","but what do you think?"
"Say it: strong agreement","that makes total sense"
"Say it: polite disagreement","I see it a bit differently"
"Say it: asking them to slow down","could you slow down a little? I lost you"
"Say it: you understood the gist but not a detail","I got most of that, but what does ___ mean?"
"Say it: summarizing to close a topic","so, long story short..."
"Say it: introducing a small problem","the thing is..."
"Say it: it turned out unexpectedly","it turns out that..."
"Complete aloud: 'We need to run ___ full audit before release' (article)","a — run a full audit"
"Complete aloud: '___ goal of this phase is fluency' (article)","The — the goal of this phase"
"Phrasal (instead of 'implement/establish'): 'I need to ___ a new routine'","set up"
"Phrasal (instead of 'identify/determine'): 'I want to ___ what went wrong'","find out"
"Phrasal (instead of 'devise/generate'): 'We should ___ a better plan'","come up with"
"Phrasal (instead of 'resolve'): 'Let me ___ this problem first'","sort out"
"Phrasal (instead of 'calculate/figure'): 'I can't ___ how long it will take'","work out"
"Phrasal (instead of 'incorporate'): 'We can ___ some rest days'","build in"
